{
  "accuracy": 0.6055555555555555,
  "precision": 0.7874396135265701,
  "recall": 0.6245210727969349,
  "f1": 0.6965811965811965,
  "roc_auc": 0.6526568365648825,
  "pr_auc": 0.8632131157629961,
  "fpr": 0.4444444444444444,
  "fnr": 0.37547892720306514,
  "true_positives": 163,
  "true_negatives": 55,
  "false_positives": 44,
  "false_negatives": 98,
  "recall_at_fpr_0.001": 0.1532567049808429,
  "recall_at_fpr_0.01": 0.1532567049808429,
  "recall_at_fpr_0.05": 0.42911877394636017,
  "per_attack_type": {
    "jailbreak": {
      "accuracy": 0.6055555555555555,
      "precision": 0.7874396135265701,
      "recall": 0.6245210727969349,
      "f1": 0.6965811965811965,
      "samples": 261
    }
  }
}