{
  "accuracy": 0.8109756097560976,
  "precision": 0.8526315789473684,
  "recall": 0.627906976744186,
  "f1": 0.7232142857142857,
  "roc_auc": 0.7882435432978847,
  "pr_auc": 0.7975895187004206,
  "fpr": 0.07035175879396985,
  "fnr": 0.37209302325581395,
  "true_positives": 81,
  "true_negatives": 185,
  "false_positives": 14,
  "false_negatives": 48,
  "recall_at_fpr_0.001": 0.08527131782945736,
  "recall_at_fpr_0.01": 0.17829457364341086,
  "recall_at_fpr_0.05": 0.5968992248062015,
  "per_attack_type": {
    "sep_injection": {
      "accuracy": 0.8109756097560976,
      "precision": 0.8526315789473684,
      "recall": 0.627906976744186,
      "f1": 0.7232142857142857,
      "samples": 129
    }
  }
}